frame,state,ball_x,ball_y,stuck,note
81,WAITING_FOR_SERVE,76,2155,0,
82,WAITING_FOR_SERVE,76,2155,1,
83,WAITING_FOR_SERVE,76,2155,2,
84,WAITING_FOR_SERVE,76,2155,3,
85,WAITING_FOR_SERVE,76,2155,4,
86,WAITING_FOR_SERVE,76,2155,5,
87,WAITING_FOR_SERVE,76,2155,6,
88,WAITING_FOR_SERVE,76,2155,7,
89,WAITING_FOR_SERVE,76,2155,8,
90,WAITING_FOR_SERVE,76,2155,9,
91,WAITING_FOR_SERVE,76,2155,10,
92,WAITING_FOR_SERVE,76,2155,11,
93,WAITING_FOR_SERVE,76,2155,12,
94,WAITING_FOR_SERVE,76,2155,13,
95,WAITING_FOR_SERVE,76,2155,14,
96,WAITING_FOR_SERVE,76,2155,15,
97,WAITING_FOR_SERVE,76,2155,15,
98,WAITING_FOR_SERVE,76,2155,15,
99,WAITING_FOR_SERVE,76,2155,15,
100,WAITING_FOR_SERVE,76,2155,15,
101,WAITING_FOR_SERVE,76,2155,15,
102,WAITING_FOR_SERVE,76,2155,15,
103,WAITING_FOR_SERVE,76,2155,15,
104,WAITING_FOR_SERVE,76,2155,15,
105,WAITING_FOR_SERVE,76,2155,15,
106,WAITING_FOR_SERVE,76,2155,15,
107,WAITING_FOR_SERVE,76,2155,15,
108,WAITING_FOR_SERVE,76,2155,15,
109,WAITING_FOR_SERVE,76,2155,15,
110,WAITING_FOR_SERVE,76,2155,15,
111,WAITING_FOR_SERVE,76,2155,15,
112,WAITING_FOR_SERVE,76,2155,15,
113,WAITING_FOR_SERVE,76,2155,15,
114,WAITING_FOR_SERVE,76,2155,15,
115,WAITING_FOR_SERVE,76,2155,15,
116,WAITING_FOR_SERVE,76,2155,15,
117,WAITING_FOR_SERVE,76,2155,15,
118,WAITING_FOR_SERVE,76,2155,15,
119,WAITING_FOR_SERVE,76,2155,15,
120,WAITING_FOR_SERVE,76,2155,15,
121,WAITING_FOR_SERVE,76,2155,15,
122,WAITING_FOR_SERVE,76,2155,15,
123,WAITING_FOR_SERVE,76,2155,15,
124,WAITING_FOR_SERVE,76,2155,15,
125,WAITING_FOR_SERVE,76,2155,15,
126,WAITING_FOR_SERVE,76,2155,15,
127,WAITING_FOR_SERVE,76,2155,15,
128,WAITING_FOR_SERVE,76,2155,15,
129,TRACKING_POINT,1385,34,15,SERVE_FAST_START
130,POINT_ENDED,,,0,STUCK_TIMEOUT
131,POINT_ENDED,,,0,
132,POINT_ENDED,,,0,
133,POINT_ENDED,,,0,
134,POINT_ENDED,,,0,
135,POINT_ENDED,,,0,
136,POINT_ENDED,,,0,
137,POINT_ENDED,,,0,
138,POINT_ENDED,,,0,
139,POINT_ENDED,,,0,
140,POINT_ENDED,,,0,
141,POINT_ENDED,,,0,
142,POINT_ENDED,,,0,
143,POINT_ENDED,,,0,
144,POINT_ENDED,,,0,
145,POINT_ENDED,,,0,
146,POINT_ENDED,,,0,
147,POINT_ENDED,,,0,
148,POINT_ENDED,,,0,
149,POINT_ENDED,,,0,
150,POINT_ENDED,,,0,
151,POINT_ENDED,,,0,
152,POINT_ENDED,,,0,
153,POINT_ENDED,,,0,
154,POINT_ENDED,,,0,
155,POINT_ENDED,,,0,
156,POINT_ENDED,,,0,
157,POINT_ENDED,,,0,
158,POINT_ENDED,,,0,
159,POINT_ENDED,,,0,
160,POINT_ENDED,,,0,
161,POINT_ENDED,,,0,
162,POINT_ENDED,,,0,
163,POINT_ENDED,,,0,
164,POINT_ENDED,,,0,
165,POINT_ENDED,,,0,
166,POINT_ENDED,,,0,
167,POINT_ENDED,,,0,
168,POINT_ENDED,,,0,
169,POINT_ENDED,,,0,
170,POINT_ENDED,,,0,
171,POINT_ENDED,,,0,
172,POINT_ENDED,,,0,
173,POINT_ENDED,,,0,
174,POINT_ENDED,,,0,
175,POINT_ENDED,,,0,
176,POINT_ENDED,,,0,
177,POINT_ENDED,,,0,
178,POINT_ENDED,,,0,
179,POINT_ENDED,,,0,
180,POINT_ENDED,,,0,
181,POINT_ENDED,,,0,
182,POINT_ENDED,,,0,
183,POINT_ENDED,,,0,
184,POINT_ENDED,,,0,
185,POINT_ENDED,,,0,
186,POINT_ENDED,,,0,
187,POINT_ENDED,,,0,
188,POINT_ENDED,,,0,
189,POINT_ENDED,,,0,
190,POINT_ENDED,,,0,
191,SCANNING_FOR_SERVE,,,0,
192,SCANNING_FOR_SERVE,,,0,
193,TRACKING_POINT,1276,35,0,SERVE_DETECTED
194,TRACKING_POINT,1280,26,0,OK
195,TRACKING_POINT,1282,15,0,OK
196,TRACKING_POINT,1283,2,0,OK
197,TRACKING_POINT,1283,2,0,OK
198,TRACKING_POINT,1283,2,0,OK
199,TRACKING_POINT,1283,2,0,OK
200,TRACKING_POINT,1283,2,0,OK
201,TRACKING_POINT,1283,2,0,OK
202,TRACKING_POINT,1283,2,0,OK
203,TRACKING_POINT,1283,2,0,OK
204,TRACKING_POINT,1283,2,0,OK
205,TRACKING_POINT,1283,2,0,OK
206,TRACKING_POINT,1283,2,0,OK
207,TRACKING_POINT,1283,2,0,OK
208,TRACKING_POINT,1283,2,0,OK
209,TRACKING_POINT,1283,2,0,OK
210,TRACKING_POINT,1283,2,0,OK
211,TRACKING_POINT,1283,2,0,OK
212,TRACKING_POINT,1283,2,0,OK
213,TRACKING_POINT,1283,2,1,OK
214,TRACKING_POINT,1283,2,2,OK
215,TRACKING_POINT,1274,30,0,OK
216,TRACKING_POINT,1266,34,0,OK
217,TRACKING_POINT,1270,74,0,OK
218,TRACKING_POINT,1283,83,0,OK
219,TRACKING_POINT,1286,84,0,OK
220,TRACKING_POINT,1266,140,0,OK
221,TRACKING_POINT,1270,155,0,OK
222,TRACKING_POINT,1273,161,0,OK
223,TRACKING_POINT,1258,132,0,OK
224,TRACKING_POINT,1272,164,0,OK
225,TRACKING_POINT,1276,162,0,OK
226,TRACKING_POINT,1276,155,0,OK
227,TRACKING_POINT,1288,86,0,OK
228,TRACKING_POINT,1276,154,0,OK
229,TRACKING_POINT,1254,130,0,OK
230,TRACKING_POINT,1254,130,1,OK
231,TRACKING_POINT,1252,129,1,OK
232,TRACKING_POINT,1278,148,0,OK
233,TRACKING_POINT,1280,151,0,OK
234,TRACKING_POINT,1278,153,0,OK
235,TRACKING_POINT,1273,147,0,OK
236,TRACKING_POINT,1283,142,0,OK
237,TRACKING_POINT,1275,152,0,OK
238,TRACKING_POINT,1265,165,0,OK
239,TRACKING_POINT,1265,165,1,OK
240,TRACKING_POINT,1265,165,2,OK
241,TRACKING_POINT,1269,149,0,OK
242,TRACKING_POINT,1269,149,1,OK
243,TRACKING_POINT,1269,149,2,OK
244,TRACKING_POINT,1273,147,0,OK
245,TRACKING_POINT,1276,146,0,OK
246,TRACKING_POINT,1280,146,0,OK
247,TRACKING_POINT,1288,141,0,OK
248,TRACKING_POINT,1281,83,0,OK
249,TRACKING_POINT,1282,83,1,OK
250,TRACKING_POINT,1283,83,1,OK
251,TRACKING_POINT,1286,148,0,OK
252,TRACKING_POINT,1236,186,0,OK
253,TRACKING_POINT,1288,148,0,OK
254,TRACKING_POINT,1288,143,0,OK
255,TRACKING_POINT,1288,143,1,OK
256,TRACKING_POINT,1288,143,1,OK
257,TRACKING_POINT,1288,143,2,OK
258,TRACKING_POINT,1288,143,3,OK
259,TRACKING_POINT,1290,155,0,OK
260,TRACKING_POINT,1288,163,0,OK
261,TRACKING_POINT,1285,144,0,OK
262,TRACKING_POINT,1284,143,1,OK
263,TRACKING_POINT,1284,147,0,OK
264,TRACKING_POINT,1288,163,0,OK
265,TRACKING_POINT,1283,144,0,OK
266,TRACKING_POINT,1283,144,1,OK
267,TRACKING_POINT,1283,145,1,OK
268,TRACKING_POINT,1283,145,2,OK
269,TRACKING_POINT,1283,145,3,OK
270,TRACKING_POINT,1299,160,0,OK
271,TRACKING_POINT,1301,157,0,OK
272,TRACKING_POINT,1295,143,0,OK
273,TRACKING_POINT,1304,136,0,OK
274,TRACKING_POINT,1302,140,0,OK
275,TRACKING_POINT,1258,148,0,OK
276,TRACKING_POINT,1258,148,1,OK
277,TRACKING_POINT,1258,148,2,OK
278,TRACKING_POINT,1325,126,0,OK
279,TRACKING_POINT,1325,126,1,OK
280,TRACKING_POINT,1326,83,0,OK
281,TRACKING_POINT,1335,122,0,OK
282,TRACKING_POINT,1339,122,0,OK
283,TRACKING_POINT,1339,122,1,OK
284,TRACKING_POINT,1339,122,2,OK
285,TRACKING_POINT,1339,122,3,OK
286,TRACKING_POINT,1518,180,0,OK
287,TRACKING_POINT,1518,180,1,OK
288,TRACKING_POINT,1518,180,1,OK
289,TRACKING_POINT,1518,180,1,OK
290,TRACKING_POINT,1518,180,1,OK
291,TRACKING_POINT,1518,180,1,OK
292,TRACKING_POINT,1518,180,1,OK
293,TRACKING_POINT,1518,180,1,OK
294,TRACKING_POINT,1518,180,1,OK
295,TRACKING_POINT,1518,180,3,OK
296,TRACKING_POINT,1518,180,4,OK
297,TRACKING_POINT,1497,267,0,OK
298,TRACKING_POINT,1497,267,1,OK
299,TRACKING_POINT,1497,267,2,OK
300,TRACKING_POINT,1493,265,0,OK
301,TRACKING_POINT,1487,262,0,OK
302,TRACKING_POINT,1487,262,1,OK
303,TRACKING_POINT,1487,262,2,OK
304,TRACKING_POINT,1484,265,0,OK
305,TRACKING_POINT,1482,265,0,OK
306,TRACKING_POINT,1480,264,0,OK
307,TRACKING_POINT,1477,264,0,OK
308,TRACKING_POINT,1475,264,0,OK
309,TRACKING_POINT,1475,264,1,OK
310,TRACKING_POINT,1475,264,2,OK
311,TRACKING_POINT,1470,262,0,OK
312,TRACKING_POINT,1467,263,0,OK
313,TRACKING_POINT,1470,264,0,OK
314,TRACKING_POINT,1465,266,0,OK
315,TRACKING_POINT,1465,266,1,OK
316,TRACKING_POINT,1465,266,2,OK
317,TRACKING_POINT,1460,261,0,OK
318,TRACKING_POINT,1460,261,1,OK
319,TRACKING_POINT,1460,261,2,OK
320,TRACKING_POINT,1453,260,0,OK
321,TRACKING_POINT,1453,260,1,OK
322,TRACKING_POINT,1453,260,2,OK
323,TRACKING_POINT,1449,259,0,OK
324,TRACKING_POINT,1448,259,0,OK
325,TRACKING_POINT,1446,260,0,OK
326,TRACKING_POINT,1444,260,0,OK
327,TRACKING_POINT,1443,259,1,OK
328,TRACKING_POINT,1442,258,3,OK
329,TRACKING_POINT,1440,258,4,OK
330,TRACKING_POINT,1437,258,0,OK
